Date,Apple,Boeing,Nvdia,Palantir,Pfizer,Tesla,Netflix,Meta,Intel,LMT,Rivian
3/21/2025,$218.27 ,$178.11 ,$117.70 ,$90.96 ,$26.28 ,$248.71 ,$960.29 ,$596.25 ,$24.26 ,$439.70 ,$11.60
3/14/2025,$213.49 ,$161.81 ,$121.67 ,$86.24 ,$25.72 ,$249.98 ,$918.00 ,$607.60 ,$24.05 ,$466.17 ,$10.75
3/7/2025,$239.07 ,$154.18 ,$112.69 ,$84.91 ,$26.73 ,$262.67 ,$891.11 ,$625.66 ,$20.64 ,$473.65 ,$11.17
2/28/2025,$241.84 ,$174.63 ,$124.92 ,$84.92 ,$26.43 ,$292.98 ,$980.56 ,$668.20 ,$23.73 ,$450.37 ,$11.84
2/21/2025,$245.55 ,$177.15 ,$134.43 ,$101.35 ,$26.30 ,$337.80 ,"$1,003.15 ",$683.55 ,$24.87 ,$440.72 ,$12.97
2/14/2025,$244.60 ,$184.42 ,$138.85 ,$119.16 ,$25.53 ,$355.84 ,"$1,058.60 ",$736.67 ,$23.60 ,$423.19 ,$14.03
2/7/2025,$227.63 ,$181.49 ,$129.84 ,$110.85 ,$25.74 ,$361.62 ,"$1,013.93 ",$714.52 ,$19.10 ,$444.39 ,$12.48
1/31/2025,$236.00 ,$176.52 ,$120.07 ,$82.49 ,$26.52 ,$404.60 ,$976.76 ,$689.18 ,$19.43 ,$462.95 ,$12.56
1/24/2025,$222.78 ,$176.06 ,$142.62 ,$78.98 ,$26.09 ,$406.58 ,$977.59 ,$647.49 ,$20.83 ,$496.96 ,$12.77
1/17/2025,$229.98 ,$171.09 ,$137.71 ,$71.77 ,$26.30 ,$426.50 ,$858.10 ,$612.77 ,$21.49 ,$490.32 ,$14.21
1/10/2025,$236.85 ,$172.00 ,$135.91 ,$67.26 ,$26.72 ,$394.74 ,$837.69 ,$615.86 ,$19.15 ,$468.05 ,$13.85
1/3/2025,$243.36 ,$169.90 ,$144.47 ,$79.89 ,$26.59 ,$410.44 ,$881.05 ,$604.63 ,$20.56 ,$481.82 ,$16.49
12/27/2024,$255.59 ,$180.72 ,$137.01 ,$79.08 ,$26.62 ,$431.66 ,$907.55 ,$599.81 ,$20.30 ,$488.97 ,$13.65
12/20/2024,$254.49 ,$177.35 ,$134.70 ,$80.55 ,$26.36 ,$421.06 ,$909.05 ,$585.25 ,$19.52 ,$489.02 ,$13.83
12/13/2024,$248.13 ,$169.65 ,$134.25 ,$76.07 ,$25.58 ,$436.23 ,$918.87 ,$620.35 ,$20.34 ,$494.65 ,$14.37
12/6/2024,$242.84 ,$153.93 ,$142.44 ,$76.34 ,$25.73 ,$389.22 ,$934.74 ,$623.77 ,$20.92 ,$513.03 ,$13.00
11/29/2024,$237.33 ,$155.44 ,$138.25 ,$67.08 ,$26.21 ,$345.16 ,$886.81 ,$574.32 ,$24.05 ,$529.41 ,$12.23
11/22/2024,$229.87 ,$149.29 ,$141.95 ,$64.35 ,$25.65 ,$352.56 ,$897.79 ,$559.14 ,$24.50 ,$542.22 ,$10.24
11/15/2024,$225.00 ,$140.19 ,$141.98 ,$65.77 ,$24.80 ,$320.72 ,$823.96 ,$554.08 ,$24.35 ,$534.83 ,$10.06
11/8/2024,$226.96 ,$151.68 ,$147.63 ,$58.39 ,$26.72 ,$321.22 ,$795.04 ,$589.34 ,$26.20 ,$564.56 ,$10.59
11/1/2024,$222.91 ,$154.59 ,$135.40 ,$41.92 ,$28.09 ,$248.98 ,$756.10 ,$567.16 ,$23.20 ,$545.35 ,$10.18
10/25/2024,$231.41 ,$155.01 ,$141.54 ,$44.86 ,$28.45 ,$269.19 ,$754.68 ,$573.25 ,$22.68 ,$562.29 ,$10.45
10/18/2024,$235.00 ,$155.00 ,$138.00 ,$42.97 ,$29.22 ,$220.70 ,$763.89 ,$576.47 ,$22.77 ,$611.81 ,$10.04
10/11/2024,$227.55 ,$151.02 ,$134.80 ,$43.51 ,$29.16 ,$217.80 ,$722.79 ,$589.95 ,$23.56 ,$604.17 ,$10.50
10/4/2024,$226.80 ,$155.00 ,$124.92 ,$40.01 ,$28.58 ,$250.08 ,$719.70 ,$595.94 ,$22.59 ,$605.13 ,$10.44
9/27/2024,$227.79 ,$156.32 ,$121.40 ,$36.84 ,$29.09 ,$260.46 ,$707.35 ,$567.36 ,$23.91 ,$582.36 ,$11.60
9/20/2024,$228.20 ,$153.29 ,$116.00 ,$37.20 ,$29.42 ,$238.25 ,$701.03 ,$561.35 ,$21.84 ,$571.92 ,$11.71
9/13/2024,$222.50 ,$156.77 ,$119.10 ,$35.59 ,$29.27 ,$230.29 ,$697.06 ,$524.62 ,$19.66 ,$569.91 ,$13.50
9/6/2024,$220.82 ,$157.62 ,$102.83 ,$30.33 ,$28.56 ,$210.73 ,$665.77 ,$500.27 ,$18.89 ,$566.63 ,$13.23
8/30/2024,$229.00 ,$173.74 ,$119.37 ,$31.48 ,$29.01 ,$214.11 ,$701.35 ,$521.31 ,$22.04 ,$568.10 ,$14.13
8/23/2024,$226.84 ,$174.96 ,$129.37 ,$31.78 ,$28.90 ,$220.32 ,$686.73 ,$528.00 ,$20.54 ,$555.01 ,$13.96
8/16/2024,$226.05 ,$179.99 ,$124.58 ,$32.08 ,$28.30 ,$216.12 ,$674.07 ,$527.42 ,$20.87 ,$560.13 ,$13.21
8/9/2024,$216.24 ,$167.91 ,$104.75 ,$30.01 ,$28.55 ,$200.00 ,$633.94 ,$517.77 ,$19.71 ,$551.58 ,$13.95
8/2/2024,$219.86 ,$169.95 ,$107.27 ,$24.74 ,$30.43 ,$207.67 ,$613.64 ,$488.14 ,$21.48 ,$548.77 ,$14.72
7/26/2024,$217.96 ,$186.89 ,$113.06 ,$27.18 ,$30.77 ,$219.80 ,$631.37 ,$465.70 ,$31.35 ,$524.80 ,$16.21
7/19/2024,$224.31 ,$179.67 ,$117.93 ,$28.58 ,$29.97 ,$239.20 ,$633.34 ,$476.79 ,$32.98 ,$474.92 ,$16.75
7/12/2024,$230.54 ,$182.31 ,$129.24 ,$28.07 ,$28.92 ,$248.23 ,$647.60 ,$498.87 ,$34.49 ,$463.73 ,$18.11
7/5/2024,$226.34 ,$184.83 ,$125.83 ,$27.23 ,$28.05 ,$251.52 ,$690.65 ,$539.91 ,$32.02 ,$462.16 ,$14.79
6/28/2024,$210.62 ,$182.01 ,$123.54 ,$25.33 ,$27.98 ,$197.88 ,$674.88 ,$504.22 ,$30.97 ,$467.10 ,$13.42
6/21/2024,$207.49 ,$176.56 ,$126.57 ,$23.84 ,$27.74 ,$183.01 ,$686.12 ,$494.78 ,$31.09 ,$467.60 ,$10.32
6/14/2024,$212.49 ,$177.27 ,$131.88 ,$23.57 ,$27.53 ,$178.01 ,$669.38 ,$504.16 ,$30.45 ,$458.34 ,$10.88
6/7/2024,$196.89 ,$190.24 ,$120.89 ,$23.31 ,$28.58 ,$177.48 ,$641.47 ,$492.96 ,$30.74 ,$470.13 ,$11.52
5/31/2024,$192.25 ,$177.61 ,$109.63 ,$21.68 ,$28.66 ,$178.08 ,$641.62 ,$466.83 ,$30.85 ,$470.34 ,$10.92
5/24/2024,$189.98 ,$174.52 ,$106.47 ,$21.01 ,$28.88 ,$179.24 ,$646.75 ,$478.22 ,$30.72 ,$467.35 ,$10.44
5/17/2024,$189.87 ,$184.95 ,$92.48 ,$21.76 ,$28.64 ,$177.46 ,$621.10 ,$471.91 ,$31.83 ,$466.20 ,$10.50
5/10/2024,$183.05 ,$178.51 ,$89.88 ,$20.60 ,$28.01 ,$168.47 ,$610.87 ,$476.20 ,$29.85 ,$468.88 ,$9.99
5/3/2024,$183.38 ,$179.79 ,$88.79 ,$23.33 ,$27.81 ,$181.19 ,$579.34 ,$451.96 ,$30.90 ,$461.91 ,$10.07
4/26/2024,$169.30 ,$167.22 ,$87.74 ,$22.52 ,$25.40 ,$168.29 ,$561.23 ,$443.29 ,$31.88 ,$461.29 ,$9.04
4/19/2024,$165.00 ,$169.82 ,$76.20 ,$20.47 ,$26.00 ,$147.05 ,$555.04 ,$481.07 ,$34.20 ,$463.87 ,$8.63
4/12/2024,$176.55 ,$169.55 ,$88.19 ,$22.67 ,$25.86 ,$171.05 ,$622.83 ,$511.90 ,$35.69 ,$450.40 ,$9.13
4/5/2024,$169.58 ,$183.14 ,$88.01 ,$22.96 ,$26.66 ,$164.90 ,$636.18 ,$527.34 ,$38.71 ,$455.38 ,$10.10
3/22/2024,$172.28 ,$188.85 ,$94.29 ,$24.18 ,$27.36 ,$170.83 ,$628.01 ,$509.58 ,$42.57 ,$445.88 ,$10.80
3/15/2024,$172.62 ,$182.53 ,$87.84 ,$23.49 ,$27.94 ,$163.57 ,$605.88 ,$484.10 ,$42.64 ,$435.82 ,$11.04
3/8/2024,$170.73 ,$198.49 ,$87.53 ,$26.04 ,$27.22 ,$175.34 ,$604.82 ,$505.95 ,$44.00 ,$432.90 ,$12.78
3/1/2024,$179.66 ,$200.00 ,$82.28 ,$24.93 ,$26.59 ,$202.64 ,$619.34 ,$502.30 ,$43.82 ,$426.46 ,$11.35
2/23/2024,$182.52 ,$200.83 ,$78.82 ,$22.97 ,$27.76 ,$191.97 ,$583.56 ,$484.03 ,$42.99 ,$431.12 ,$10.07
2/16/2024,$182.31 ,$203.89 ,$72.61 ,$24.44 ,$27.62 ,$199.95 ,$583.95 ,$473.32 ,$43.51 ,$424.07 ,$16.30
2/9/2024,$188.85 ,$209.20 ,$72.13 ,$24.38 ,$27.56 ,$193.57 ,$561.32 ,$468.11 ,$43.31 ,$426.50 ,$16.68
2/2/2024,$185.85 ,$209.38 ,$66.16 ,$17.02 ,$26.93 ,$187.91 ,$564.64 ,$474.99 ,$42.60 ,$425.97 ,$15.60
1/26/2024,$192.42 ,$205.47 ,$61.03 ,$16.35 ,$27.47 ,$183.25 ,$570.42 ,$394.14 ,$43.65 ,$429.91 ,$15.29
1/19/2024,$191.56 ,$215.02 ,$59.49 ,$16.78 ,$28.28 ,$212.19 ,$482.95 ,$383.45 ,$48.15 ,$457.76 ,$15.48
1/12/2024,$185.92 ,$217.70 ,$54.71 ,$16.76 ,$28.70 ,$218.89 ,$492.16 ,$374.49 ,$47.12 ,$463.18 ,$18.06
1/5/2024,$181.18 ,$249.00 ,$49.10 ,$15.98 ,$29.47 ,$237.49 ,$474.06 ,$351.95 ,$46.89 ,$456.50 ,$19.08
12/29/2023,$192.53 ,$260.66 ,$49.52 ,$17.17 ,$28.79 ,$248.48 ,$486.88 ,$353.96 ,$50.25 ,$453.24 ,$23.46
12/22/2023,$193.60 ,$260.44 ,$48.83 ,$17.41 ,$28.40 ,$252.54 ,$486.76 ,$353.39 ,$48.00 ,$448.22 ,$23.21
12/15/2023,$197.57 ,$264.27 ,$48.89 ,$18.20 ,$26.63 ,$253.50 ,$472.06 ,$334.92 ,$46.16 ,$441.81 ,$22.83
12/8/2023,$195.71 ,$244.70 ,$47.51 ,$17.77 ,$28.78 ,$243.84 ,$453.76 ,$332.75 ,$42.70 ,$448.02 ,$19.04
12/1/2023,$191.24 ,$233.87 ,$46.77 ,$20.27 ,$28.91 ,$238.83 ,$465.74 ,$324.82 ,$43.74 ,$449.41 ,$18.03
11/24/2023,$189.97 ,$220.00 ,$47.78 ,$19.20 ,$30.50 ,$235.45 ,$479.56 ,$338.23 ,$43.96 ,$452.01 ,$16.43
11/17/2023,$189.69 ,$208.04 ,$49.30 ,$20.49 ,$29.92 ,$234.30 ,$465.91 ,$335.04 ,$43.81 ,$444.68 ,$16.70
11/10/2023,$186.40 ,$196.65 ,$48.34 ,$19.67 ,$29.48 ,$214.65 ,$447.24 ,$328.77 ,$38.86 ,$444.87 ,$15.40
11/3/2023,$176.65 ,$195.05 ,$45.01 ,$18.89 ,$31.26 ,$219.96 ,$432.36 ,$314.60 ,$38.14 ,$453.34 ,$17.71
10/27/2023,$168.22 ,$179.69 ,$40.50 ,$15.07 ,$30.11 ,$207.30 ,$397.87 ,$296.73 ,$35.54 ,$443.39 ,$16.01
10/20/2023,$172.88 ,$180.04 ,$41.39 ,$16.11 ,$30.65 ,$211.99 ,$400.96 ,$308.65 ,$34.92 ,$444.17 ,$16.72
10/13/2023,$178.85 ,$184.91 ,$45.46 ,$17.36 ,$32.11 ,$251.12 ,$355.68 ,$314.69 ,$35.97 ,$441.06 ,$19.30
10/6/2023,$177.49 ,$187.38 ,$45.76 ,$16.61 ,$33.13 ,$260.53 ,$381.51 ,$315.43 ,$36.19 ,$400.73 ,$18.92
9/29/2023,$171.21 ,$191.68 ,$43.50 ,$16.00 ,$33.17 ,$250.22 ,$377.60 ,$300.21 ,$35.55 ,$408.96 ,$24.28
9/22/2023,$174.79 ,$197.71 ,$41.61 ,$14.13 ,$32.69 ,$244.88 ,$379.81 ,$299.08 ,$34.18 ,$413.65 ,$20.59
9/15/2023,$175.01 ,$208.11 ,$43.90 ,$15.33 ,$34.07 ,$274.39 ,$396.94 ,$300.31 ,$37.88 ,$424.05 ,$24.18
9/8/2023,$178.18 ,$211.27 ,$45.57 ,$15.13 ,$34.25 ,$248.50 ,$442.80 ,$297.89 ,$38.01 ,$423.09 ,$23.10
9/1/2023,$189.46 ,$223.40 ,$48.51 ,$15.18 ,$35.78 ,$245.01 ,$439.88 ,$296.38 ,$36.61 ,$448.18 ,$23.31
8/25/2023,$178.61 ,$223.41 ,$46.02 ,$14.53 ,$36.38 ,$238.59 ,$416.03 ,$285.50 ,$33.25 ,$451.09 ,$20.07
8/18/2023,$174.49 ,$226.65 ,$43.30 ,$14.40 ,$36.66 ,$215.49 ,$404.53 ,$283.25 ,$32.75 ,$450.06 ,$20.78
8/11/2023,$177.79 ,$235.72 ,$40.86 ,$15.41 ,$36.04 ,$242.65 ,$421.66 ,$301.64 ,$34.89 ,$454.05 ,$21.57
8/4/2023,$181.99 ,$231.36 ,$44.68 ,$18.20 ,$35.02 ,$253.86 ,$431.60 ,$310.73 ,$35.14 ,$445.72 ,$25.26
7/28/2023,$195.83 ,$238.69 ,$46.75 ,$17.81 ,$36.07 ,$266.44 ,$425.78 ,$325.48 ,$36.83 ,$449.00 ,$26.94
7/21/2023,$191.94 ,$211.80 ,$44.31 ,$16.43 ,$37.40 ,$260.02 ,$427.50 ,$294.26 ,$34.02 ,$454.76 ,$25.27
7/14/2023,$190.69 ,$213.12 ,$45.47 ,$16.40 ,$36.32 ,$281.38 ,$441.91 ,$308.87 ,$33.15 ,$464.31 ,$24.82
7/7/2023,$190.68 ,$212.10 ,$42.50 ,$15.34 ,$35.53 ,$274.43 ,$438.10 ,$290.53 ,$31.85 ,$458.71 ,$24.70
6/30/2023,$193.97 ,$211.16 ,$42.30 ,$15.33 ,$36.68 ,$261.77 ,$440.49 ,$286.98 ,$33.44 ,$460.38 ,$16.66
6/23/2023,$186.68 ,$205.41 ,$42.21 ,$14.03 ,$38.30 ,$256.60 ,$424.02 ,$288.73 ,$33.00 ,$459.36 ,$13.53
6/16/2023,$184.92 ,$219.99 ,$42.69 ,$16.30 ,$40.06 ,$260.54 ,$431.96 ,$281.00 ,$36.37 ,$459.17 ,$14.88
6/9/2023,$180.96 ,$217.31 ,$38.77 ,$15.02 ,$38.97 ,$244.40 ,$420.02 ,$264.95 ,$31.34 ,$462.69 ,$13.87
6/2/2023,$180.95 ,$213.32 ,$39.33 ,$14.52 ,$38.36 ,$213.97 ,$400.47 ,$272.61 ,$31.31 ,$454.49 ,$14.48
5/26/2023,$175.43 ,$203.63 ,$38.95 ,$13.65 ,$37.60 ,$193.17 ,$378.88 ,$262.04 ,$29.00 ,$448.45 ,$15.14
5/19/2023,$175.16 ,$205.49 ,$31.26 ,$11.71 ,$36.77 ,$180.14 ,$365.36 ,$245.64 ,$29.93 ,$454.49 ,$13.47
5/12/2023,$172.57 ,$200.70 ,$28.34 ,$9.50 ,$37.35 ,$167.98 ,$339.89 ,$233.81 ,$28.95 ,$450.79 ,$12.91
5/5/2023,$173.57 ,$198.34 ,$28.68 ,$7.41 ,$38.49 ,$170.06 ,$322.76 ,$232.78 ,$30.99 ,$455.54 ,$13.41
4/28/2023,$169.68 ,$206.78 ,$27.75 ,$7.75 ,$38.89 ,$164.31 ,$329.93 ,$240.32 ,$31.06 ,$464.45 ,$12.82
4/21/2023,$165.02 ,$205.15 ,$27.12 ,$8.18 ,$40.21 ,$165.08 ,$327.98 ,$212.89 ,$30.30 ,$482.55 ,$12.25
4/14/2023,$165.21 ,$201.71 ,$26.76 ,$8.81 ,$41.19 ,$185.00 ,$338.63 ,$221.49 ,$31.89 ,$487.99 ,$13.38
3/31/2023,$164.90 ,$212.43 ,$27.78 ,$8.45 ,$40.80 ,$207.46 ,$345.48 ,$211.94 ,$32.67 ,$472.73 ,$15.48
3/24/2023,$160.25 ,$197.53 ,$26.78 ,$8.20 ,$40.39 ,$190.41 ,$328.39 ,$206.01 ,$29.36 ,$474.54 ,$13.62
3/17/2023,$155.00 ,$201.05 ,$25.73 ,$7.88 ,$40.10 ,$180.13 ,$303.50 ,$195.61 ,$29.81 ,$465.87 ,$13.01
3/10/2023,$148.50 ,$203.07 ,$22.97 ,$7.35 ,$39.39 ,$173.44 ,$292.76 ,$179.51 ,$27.22 ,$475.50 ,$14.16
3/3/2023,$151.03 ,$215.11 ,$23.89 ,$8.33 ,$41.15 ,$197.79 ,$315.18 ,$185.25 ,$26.40 ,$477.89 ,$16.92
2/24/2023,$146.71 ,$198.15 ,$23.29 ,$8.09 ,$41.75 ,$196.88 ,$317.15 ,$170.39 ,$25.14 ,$480.40 ,$17.32
2/17/2023,$152.55 ,$211.66 ,$21.39 ,$9.20 ,$43.21 ,$208.31 ,$347.96 ,$172.88 ,$27.61 ,$475.63 ,$20.22
2/10/2023,$151.01 ,$212.89 ,$21.27 ,$7.51 ,$43.88 ,$196.89 ,$347.36 ,$174.15 ,$27.80 ,$480.83 ,$18.85
2/3/2023,$154.50 ,$206.01 ,$21.10 ,$8.41 ,$44.06 ,$189.98 ,$365.90 ,$186.53 ,$30.32 ,$459.08 ,$19.90
1/27/2023,$145.93 ,$211.17 ,$20.37 ,$7.55 ,$43.79 ,$177.90 ,$360.77 ,$151.74 ,$28.16 ,$459.60 ,$19.83
1/20/2023,$137.87 ,$206.76 ,$17.84 ,$7.02 ,$45.11 ,$133.42 ,$342.50 ,$139.37 ,$29.22 ,$443.28 ,$16.23
1/13/2023,$134.76 ,$214.13 ,$16.90 ,$6.96 ,$47.85 ,$122.40 ,$332.82 ,$136.98 ,$30.11 ,$449.83 ,$16.45
1/6/2023,$129.62 ,$213.00 ,$14.86 ,$6.40 ,$50.92 ,$113.06 ,$315.55 ,$130.02 ,$28.73 ,$473.24 ,$16.40
12/30/2022,$129.93 ,$190.49 ,$14.61 ,$6.42 ,$51.24 ,$123.18 ,$294.88 ,$120.34 ,$26.43 ,$486.49 ,$18.43
12/23/2022,$131.86 ,$189.06 ,$15.21 ,$6.29 ,$51.83 ,$123.15 ,$294.97 ,$118.04 ,$26.09 ,$483.29 ,$19.14
12/16/2022,$134.51 ,$184.70 ,$16.57 ,$6.90 ,$51.40 ,$150.23 ,$290.71 ,$119.43 ,$26.92 ,$481.79 ,$22.48
12/9/2022,$142.16 ,$179.54 ,$17.00 ,$7.11 ,$51.72 ,$179.05 ,$320.01 ,$115.90 ,$28.24 ,$483.58 ,$27.29
12/2/2022,$147.81 ,$182.87 ,$16.88 ,$7.66 ,$50.91 ,$194.86 ,$320.41 ,$123.49 ,$29.41 ,$496.23 ,$31.36
11/25/2022,$148.11 ,$178.36 ,$16.27 ,$7.28 ,$49.21 ,$182.86 ,$285.54 ,$111.41 ,$29.34 ,$483.46 ,$29.53
11/18/2022,$151.29 ,$173.89 ,$15.41 ,$7.39 ,$48.23 ,$180.19 ,$287.98 ,$112.05 ,$29.87 ,$476.82 ,$30.34
11/11/2022,$149.70 ,$177.49 ,$16.33 ,$8.41 ,$47.60 ,$195.97 ,$290.13 ,$113.02 ,$30.43 ,$463.86 ,$34.90
11/4/2022,$138.38 ,$160.01 ,$14.16 ,$7.93 ,$47.22 ,$207.47 ,$260.79 ,$90.79 ,$28.20 ,$481.67 ,$31.99
10/28/2022,$155.74 ,$143.84 ,$13.83 ,$8.64 ,$47.43 ,$228.52 ,$295.72 ,$99.20 ,$29.07 ,$484.87 ,$34.48
10/21/2022,$147.27 ,$141.32 ,$12.47 ,$8.29 ,$44.95 ,$214.44 ,$289.57 ,$130.01 ,$26.97 ,$454.61 ,$31.92
10/14/2022,$138.38 ,$133.15 ,$11.23 ,$7.53 ,$42.86 ,$204.99 ,$230.00 ,$126.76 ,$25.91 ,$389.41 ,$28.71
10/7/2022,$140.09 ,$129.79 ,$12.08 ,$8.15 ,$42.32 ,$223.07 ,$224.75 ,$133.45 ,$25.72 ,$403.96 ,$33.95
9/30/2022,$138.20 ,$121.08 ,$12.14 ,$8.13 ,$43.76 ,$265.25 ,$235.44 ,$135.68 ,$25.77 ,$386.29 ,$32.91
9/23/2022,$150.43 ,$131.26 ,$12.52 ,$7.40 ,$44.08 ,$275.33 ,$226.41 ,$140.41 ,$27.52 ,$413.07 ,$33.56
9/16/2022,$150.70 ,$144.29 ,$13.20 ,$7.78 ,$46.03 ,$303.35 ,$240.13 ,$146.29 ,$29.24 ,$414.29 ,$39.26
9/9/2022,$157.37 ,$157.52 ,$14.39 ,$7.79 ,$47.84 ,$299.68 ,$233.57 ,$169.15 ,$31.46 ,$421.53 ,$37.55
9/2/2022,$155.81 ,$151.82 ,$13.65 ,$7.40 ,$45.70 ,$270.21 ,$226.11 ,$160.32 ,$31.22 ,$418.57 ,$32.07
8/26/2022,$163.62 ,$164.53 ,$16.26 ,$7.94 ,$46.82 ,$288.09 ,$223.28 ,$161.78 ,$33.36 ,$431.13 ,$32.11
8/19/2022,$171.52 ,$162.92 ,$17.85 ,$8.51 ,$49.15 ,$296.67 ,$241.16 ,$167.96 ,$35.38 ,$440.03 ,$34.45
8/12/2022,$172.10 ,$169.99 ,$18.71 ,$9.91 ,$50.11 ,$300.03 ,$249.30 ,$180.50 ,$36.11 ,$434.24 ,$38.90
8/5/2022,$165.35 ,$165.04 ,$18.99 ,$11.45 ,$49.27 ,$288.17 ,$226.78 ,$167.11 ,$35.39 ,$426.41 ,$35.67
7/29/2022,$162.51 ,$159.31 ,$18.16 ,$10.35 ,$50.51 ,$297.15 ,$224.90 ,$159.10 ,$36.31 ,$413.81 ,$34.30
7/22/2022,$154.09 ,$158.16 ,$17.32 ,$9.84 ,$51.23 ,$272.24 ,$220.44 ,$169.27 ,$39.20 ,$394.74 ,$32.48
7/15/2022,$150.17 ,$147.74 ,$15.76 ,$9.04 ,$51.75 ,$240.07 ,$189.11 ,$164.70 ,$38.62 ,$398.38 ,$31.60
7/8/2022,$147.04 ,$139.07 ,$15.84 ,$10.17 ,$53.17 ,$250.76 ,$186.98 ,$170.88 ,$37.99 ,$420.35 ,$31.99
7/1/2022,$138.93 ,$139.84 ,$14.52 ,$9.27 ,$52.31 ,$227.26 ,$179.95 ,$160.03 ,$36.34 ,$433.52 ,$25.70
6/24/2022,$141.66 ,$141.53 ,$17.13 ,$10.19 ,$51.59 ,$245.71 ,$190.85 ,$170.16 ,$38.61 ,$419.04 ,$29.50
6/17/2022,$131.56 ,$136.80 ,$15.88 ,$8.24 ,$46.53 ,$216.76 ,$175.51 ,$163.74 ,$36.97 ,$404.01 ,$26.24
6/10/2022,$137.13 ,$127.00 ,$16.97 ,$8.26 ,$49.97 ,$232.23 ,$182.94 ,$175.57 ,$39.18 ,$430.19 ,$28.36
6/3/2022,$145.38 ,$139.25 ,$18.72 ,$8.94 ,$53.20 ,$234.52 ,$198.98 ,$190.78 ,$43.39 ,$442.69 ,$30.19
5/27/2022,$149.64 ,$132.23 ,$18.81 ,$8.85 ,$53.91 ,$253.21 ,$195.19 ,$195.13 ,$44.55 ,$450.56 ,$30.96
5/20/2022,$137.59 ,$120.70 ,$16.69 ,$8.08 ,$52.47 ,$221.30 ,$186.35 ,$193.54 ,$41.65 ,$424.15 ,$28.92
5/13/2022,$147.11 ,$127.20 ,$17.71 ,$8.34 ,$49.92 ,$256.53 ,$187.64 ,$198.62 ,$43.60 ,$435.17 ,$26.70
5/6/2022,$157.28 ,$148.90 ,$18.68 ,$9.48 ,$49.04 ,$288.55 ,$180.97 ,$203.77 ,$44.30 ,$449.43 ,$28.79
4/29/2022,$157.65 ,$148.84 ,$18.55 ,$10.40 ,$49.07 ,$290.25 ,$190.36 ,$200.47 ,$43.59 ,$432.12 ,$30.24
4/22/2022,$161.79 ,$176.92 ,$19.52 ,$11.96 ,$48.13 ,$335.02 ,$215.52 ,$184.11 ,$46.54 ,$445.79 ,$33.61
4/8/2022,$170.09 ,$175.20 ,$23.12 ,$12.70 ,$55.17 ,$341.83 ,$355.88 ,$222.33 ,$47.02 ,$461.52 ,$38.80
4/1/2022,$174.31 ,$190.76 ,$26.71 ,$13.83 ,$51.57 ,$361.53 ,$373.47 ,$224.85 ,$48.11 ,$445.98 ,$46.44
3/25/2022,$174.72 ,$188.95 ,$27.69 ,$12.97 ,$52.78 ,$336.88 ,$373.85 ,$221.82 ,$51.83 ,$453.66 ,$46.16
3/18/2022,$163.98 ,$192.83 ,$26.45 ,$12.82 ,$54.51 ,$301.80 ,$380.60 ,$216.49 ,$47.45 ,$426.18 ,$45.60
3/11/2022,$154.73 ,$176.23 ,$22.10 ,$11.39 ,$50.27 ,$265.12 ,$340.32 ,$187.61 ,$45.83 ,$439.04 ,$38.05
3/4/2022,$163.17 ,$180.84 ,$22.94 ,$10.96 ,$48.65 ,$279.43 ,$361.73 ,$200.06 ,$48.07 ,$458.15 ,$47.39
2/25/2022,$164.85 ,$201.48 ,$24.16 ,$11.47 ,$47.72 ,$269.96 ,$390.80 ,$210.48 ,$47.71 ,$409.49 ,$63.43
2/18/2022,$167.30 ,$209.03 ,$23.64 ,$11.02 ,$48.53 ,$285.66 ,$391.29 ,$206.16 ,$45.04 ,$386.46 ,$66.37
2/11/2022,$168.64 ,$212.30 ,$23.95 ,$13.13 ,$50.78 ,$286.67 ,$391.31 ,$219.55 ,$47.63 ,$396.19 ,$58.85
2/4/2022,$172.39 ,$206.45 ,$24.32 ,$12.94 ,$53.00 ,$307.77 ,$410.17 ,$237.09 ,$48.01 ,$389.33 ,$60.87
1/28/2022,$170.33 ,$190.57 ,$22.84 ,$12.71 ,$54.33 ,$282.12 ,$384.36 ,$301.71 ,$47.73 ,$393.15 ,$57.12
1/21/2022,$162.41 ,$205.44 ,$23.37 ,$13.53 ,$52.79 ,$314.63 ,$397.50 ,$303.17 ,$52.04 ,$371.20 ,$64.51
1/14/2022,$173.07 ,$225.96 ,$26.94 ,$16.01 ,$54.95 ,$349.87 ,$525.69 ,$331.90 ,$55.70 ,$372.62 ,$79.95
1/7/2022,$172.17 ,$215.50 ,$27.25 ,$16.56 ,$55.72 ,$342.32 ,$541.06 ,$331.79 ,$53.44 ,$360.14 ,$86.28
12/31/2021,$177.57 ,$201.32 ,$29.41 ,$18.21 ,$59.05 ,$352.26 ,$602.44 ,$336.35 ,$51.50 ,$355.41 ,$103.69
12/17/2021,$171.14 ,$192.63 ,$27.80 ,$19.06 ,$59.48 ,$310.86 ,$586.73 ,$333.79 ,$50.62 ,$344.14 ,$97.70
12/10/2021,$179.45 ,$205.06 ,$30.20 ,$18.94 ,$52.78 ,$339.01 ,$611.66 ,$329.75 ,$50.59 ,$344.88 ,$114.66
12/3/2021,$161.84 ,$198.49 ,$30.69 ,$18.98 ,$54.27 ,$338.32 ,$602.13 ,$306.84 ,$49.25 ,$333.81 ,$104.67
11/26/2021,$156.81 ,$199.21 ,$31.50 ,$21.03 ,$54.00 ,$360.64 ,$665.64 ,$333.12 ,$48.78 ,$342.72 ,$112.13
11/19/2021,$160.55 ,$214.13 ,$32.99 ,$21.41 ,$50.80 ,$379.02 ,$678.80 ,$345.30 ,$49.52 ,$341.44 ,$128.60
11/12/2021,$149.99 ,$220.96 ,$30.39 ,$22.83 ,$49.73 ,$344.47 ,$682.61 ,$340.89 ,$50.31 ,$339.06 ,$129.95
11/5/2021,$151.28 ,$224.46 ,$29.75 ,$26.00 ,$48.61 ,$407.36 ,$645.72 ,$341.13 ,$50.92 ,$339.89 ,
10/29/2021,$149.80 ,$207.03 ,$25.57 ,$25.88 ,$43.74 ,$371.33 ,$690.31 ,$323.57 ,$49.00 ,$332.32 ,
10/22/2021,$148.69 ,$212.97 ,$22.73 ,$24.43 ,$43.16 ,$303.23 ,$664.78 ,$324.61 ,$49.46 ,$374.60 ,
10/15/2021,$144.84 ,$217.04 ,$21.86 ,$24.00 ,$41.49 ,$281.01 ,$628.29 ,$324.76 ,$54.46 ,$365.62 ,
10/8/2021,$142.90 ,$226.39 ,$20.83 ,$23.50 ,$42.45 ,$261.83 ,$632.66 ,$330.05 ,$53.81 ,$353.75 ,
10/1/2021,$142.65 ,$226.00 ,$20.74 ,$24.33 ,$42.93 ,$258.41 ,$613.15 ,$343.01 ,$53.86 ,$347.80 ,
9/24/2021,$146.92 ,$221.39 ,$22.08 ,$28.56 ,$43.94 ,$258.13 ,$592.39 ,$352.96 ,$54.22 ,$349.52 ,
9/17/2021,$146.06 ,$213.36 ,$21.90 ,$28.71 ,$43.89 ,$253.16 ,$589.35 ,$364.72 ,$54.26 ,$340.98 ,
9/10/2021,$148.97 ,$210.30 ,$22.48 ,$26.28 ,$45.59 ,$245.42 ,$598.72 ,$378.69 ,$53.84 ,$345.88 ,
9/3/2021,$154.30 ,$218.17 ,$22.84 ,$26.64 ,$46.84 ,$244.52 ,$590.53 ,$376.26 ,$53.51 ,$356.00 ,
8/27/2021,$148.60 ,$221.75 ,$22.64 ,$25.71 ,$46.60 ,$237.31 ,$558.92 ,$372.63 ,$53.89 ,$361.99 ,
8/20/2021,$148.19 ,$212.67 ,$20.82 ,$24.01 ,$48.72 ,$226.75 ,$546.88 ,$359.37 ,$52.01 ,$357.17 ,
8/13/2021,$149.10 ,$234.46 ,$20.19 ,$24.90 ,$48.48 ,$239.06 ,$515.92 ,$363.18 ,$53.49 ,$357.98 ,
8/6/2021,$146.14 ,$231.33 ,$20.37 ,$21.82 ,$45.07 ,$233.03 ,$520.55 ,$363.51 ,$53.92 ,$362.05 ,
7/30/2021,$145.86 ,$226.48 ,$19.50 ,$21.71 ,$42.81 ,$229.07 ,$517.57 ,$356.30 ,$53.72 ,$371.67 ,
7/23/2021,$148.56 ,$221.52 ,$19.56 ,$21.81 ,$41.68 ,$214.46 ,$515.41 ,$369.79 ,$53.00 ,$380.77 ,
7/16/2021,$146.39 ,$217.74 ,$18.16 ,$21.37 ,$40.35 ,$214.74 ,$530.31 ,$341.16 ,$54.97 ,$377.14 ,
7/9/2021,$145.11 ,$239.59 ,$20.05 ,$23.29 ,$39.61 ,$218.98 ,$535.98 ,$350.42 ,$55.99 ,$383.11 ,
7/2/2021,$139.96 ,$236.68 ,$20.49 ,$24.44 ,$39.73 ,$226.30 ,$533.98 ,$354.70 ,$56.76 ,$381.49 ,
6/25/2021,$133.11 ,$248.38 ,$19.03 ,$26.78 ,$38.98 ,$223.96 ,$527.07 ,$341.37 ,$55.91 ,$382.01 ,
6/18/2021,$130.46 ,$237.35 ,$18.64 ,$25.37 ,$38.81 ,$207.77 ,$500.77 ,$329.66 ,$55.67 ,$379.19 ,
6/11/2021,$127.35 ,$247.28 ,$17.83 ,$24.67 ,$40.15 ,$203.30 ,$488.77 ,$331.26 ,$57.85 ,$387.72 ,
6/4/2021,$125.89 ,$249.92 ,$17.58 ,$24.03 ,$39.15 ,$199.68 ,$494.74 ,$330.35 ,$57.37 ,$394.10 ,
5/28/2021,$124.61 ,$247.02 ,$16.24 ,$22.95 ,$38.73 ,$208.41 ,$502.81 ,$328.73 ,$57.12 ,$382.20 ,
5/21/2021,$125.43 ,$234.82 ,$14.99 ,$20.75 ,$39.95 ,$193.63 ,$497.89 ,$316.23 ,$56.08 ,$387.22 ,
5/14/2021,$127.45 ,$228.47 ,$14.24 ,$20.08 ,$40.02 ,$196.58 ,$493.37 ,$315.94 ,$55.35 ,$390.78 ,
5/7/2021,$130.21 ,$235.47 ,$14.81 ,$19.75 ,$39.58 ,$224.12 ,$503.84 ,$319.08 ,$57.67 ,$390.34 ,
4/30/2021,$131.46 ,$234.31 ,$15.01 ,$23.04 ,$38.65 ,$236.48 ,$513.47 ,$325.08 ,$57.53 ,$380.56 ,
4/23/2021,$134.32 ,$238.38 ,$15.27 ,$23.41 ,$38.66 ,$243.13 ,$505.55 ,$301.13 ,$59.24 ,$377.29 ,
4/16/2021,$134.16 ,$248.18 ,$15.91 ,$22.47 ,$38.57 ,$246.59 ,$546.54 ,$306.18 ,$64.75 ,$391.81 ,
4/9/2021,$133.00 ,$252.36 ,$14.40 ,$24.04 ,$36.60 ,$225.67 ,$555.31 ,$312.46 ,$68.26 ,$386.23 ,
3/26/2021,$121.21 ,$244.87 ,$12.84 ,$22.58 ,$36.25 ,$206.24 ,$508.05 ,$283.02 ,$64.87 ,$364.71 ,
3/19/2021,$119.99 ,$255.82 ,$12.85 ,$24.32 ,$35.53 ,$218.29 ,$512.18 ,$290.11 ,$63.76 ,$355.07 ,
3/12/2021,$121.03 ,$269.19 ,$12.86 ,$26.92 ,$34.94 ,$231.24 ,$518.02 ,$268.40 ,$62.90 ,$340.19 ,
3/5/2021,$121.42 ,$223.22 ,$12.46 ,$23.95 ,$34.39 ,$199.32 ,$516.39 ,$264.28 ,$60.74 ,$340.43 ,
2/26/2021,$121.26 ,$212.01 ,$13.71 ,$23.90 ,$33.49 ,$225.17 ,$538.85 ,$257.62 ,$60.78 ,$330.25 ,
2/19/2021,$129.87 ,$217.47 ,$14.93 ,$29.00 ,$34.44 ,$260.43 ,$540.22 ,$261.56 ,$63.01 ,$335.42 ,
2/12/2021,$135.37 ,$210.98 ,$14.96 ,$31.91 ,$34.72 ,$272.04 ,$556.52 ,$270.50 ,$61.81 ,$337.73 ,
2/5/2021,$136.76 ,$207.93 ,$13.59 ,$34.05 ,$34.92 ,$284.08 ,$550.79 ,$268.10 ,$58.18 ,$337.04 ,
1/29/2021,$131.96 ,$194.19 ,$12.99 ,$35.18 ,$35.90 ,$264.51 ,$532.39 ,$258.33 ,$55.51 ,$321.82 ,
1/22/2021,$139.07 ,$205.84 ,$13.71 ,$32.58 ,$36.55 ,$282.21 ,$565.17 ,$274.50 ,$56.66 ,$339.88 ,
1/15/2021,$127.14 ,$204.32 ,$12.86 ,$25.64 ,$36.70 ,$275.39 ,$497.98 ,$251.36 ,$57.58 ,$347.27 ,
1/8/2021,$132.05 ,$209.90 ,$13.28 ,$25.20 ,$37.13 ,$293.34 ,$510.40 ,$267.57 ,$51.65 ,$336.10 ,
12/18/2020,$126.66 ,$219.75 ,$13.27 ,$25.97 ,$37.68 ,$231.67 ,$534.45 ,$276.40 ,$47.46 ,$356.03 ,
12/11/2020,$122.41 ,$230.33 ,$13.01 ,$27.20 ,$41.12 ,$203.33 ,$503.22 ,$273.55 ,$49.73 ,$361.71 ,
12/4/2020,$122.25 ,$232.71 ,$13.56 ,$23.85 ,$40.34 ,$199.68 ,$498.31 ,$279.70 ,$51.99 ,$366.61 ,
11/27/2020,$116.59 ,$216.50 ,$13.26 ,$27.66 ,$37.23 ,$195.25 ,$491.36 ,$277.81 ,$47.45 ,$374.34 ,
11/20/2020,$117.34 ,$199.62 ,$13.09 ,$18.15 ,$36.70 ,$163.20 ,$488.24 ,$269.70 ,$45.39 ,$368.02 ,
11/13/2020,$119.26 ,$187.11 ,$13.30 ,$15.80 ,$37.75 ,$136.17 ,$482.84 ,$276.95 ,$45.46 ,$375.14 ,
11/6/2020,$118.69 ,$157.74 ,$14.56 ,$13.83 ,$35.58 ,$143.32 ,$514.73 ,$293.41 ,$45.39 ,$361.27 ,
10/30/2020,$108.86 ,$144.39 ,$12.53 ,$10.13 ,$34.68 ,$129.35 ,$475.74 ,$263.11 ,$44.28 ,$350.13 ,
10/23/2020,$115.04 ,$167.36 ,$13.59 ,$9.49 ,$37.32 ,$140.21 ,$488.28 ,$284.79 ,$48.20 ,$374.33 ,
10/16/2020,$119.02 ,$167.35 ,$13.81 ,$9.71 ,$37.10 ,$146.56 ,$530.79 ,$265.93 ,$54.16 ,$386.50 ,
10/9/2020,$116.97 ,$167.33 ,$13.76 ,$9.95 ,$35.96 ,$144.67 ,$539.44 ,$264.45 ,$52.82 ,$385.93 ,
10/2/2020,$113.02 ,$168.08 ,$13.06 ,$9.20 ,$35.56 ,$138.36 ,$503.06 ,$259.94 ,$51.01 ,$380.58 ,
9/25/2020,$112.28 ,$156.03 ,$12.87 ,,$35.24 ,$135.78 ,$482.88 ,$254.82 ,$49.94 ,$386.70 ,
9/18/2020,$106.84 ,$161.14 ,$12.19 ,,$35.80 ,$147.38 ,$469.96 ,$252.53 ,$49.89 ,$395.14 ,
9/11/2020,$112.00 ,$160.23 ,$12.16 ,,$35.26 ,$124.24 ,$482.03 ,$266.61 ,$49.28 ,$389.45 ,
9/4/2020,$120.96 ,$171.05 ,$12.62 ,,$35.54 ,$139.44 ,$516.05 ,$282.73 ,$50.08 ,$385.02 ,
8/28/2020,$124.81 ,$175.80 ,$13.15 ,,$37.06 ,$147.56 ,$523.89 ,$293.66 ,$50.43 ,$395.59 ,
8/21/2020,$124.37 ,$167.50 ,$12.68 ,,$38.00 ,$136.67 ,$492.31 ,$267.01 ,$49.28 ,$389.57 ,
8/14/2020,$114.91 ,$178.08 ,$11.56 ,,$37.20 ,$110.05 ,$482.68 ,$261.24 ,$48.89 ,$391.42 ,
8/7/2020,$111.11 ,$170.02 ,$11.20 ,,$37.58 ,$96.85 ,$494.73 ,$268.44 ,$48.03 ,$385.62 ,
7/31/2020,$106.26 ,$158.00 ,$10.61 ,,$37.61 ,$95.38 ,$488.88 ,$253.67 ,$47.73 ,$378.97 ,
7/24/2020,$92.62 ,$173.76 ,$10.19 ,,$36.81 ,$94.47 ,$480.45 ,$230.71 ,$50.59 ,$386.21 ,
7/17/2020,$96.33 ,$175.66 ,$10.20 ,,$35.43 ,$100.06 ,$492.99 ,$242.03 ,$60.00 ,$368.50 ,
7/10/2020,$95.92 ,$178.44 ,$10.48 ,,$33.07 ,$102.98 ,$548.73 ,$245.07 ,$59.53 ,$349.25 ,
6/26/2020,$88.41 ,$170.01 ,$9.16 ,,$31.32 ,$63.98 ,$443.40 ,$216.08 ,$57.50 ,$356.76 ,
6/19/2020,$87.43 ,$187.02 ,$9.26 ,,$32.67 ,$66.73 ,$453.72 ,$238.79 ,$59.62 ,$372.20 ,
6/12/2020,$84.70 ,$189.51 ,$8.93 ,,$32.99 ,$62.35 ,$418.07 ,$228.58 ,$59.33 ,$381.87 ,
6/5/2020,$82.88 ,$205.43 ,$8.92 ,,$35.18 ,$59.04 ,$419.60 ,$230.77 ,$64.34 ,$410.75 ,
5/29/2020,$79.49 ,$145.85 ,$8.88 ,,$37.33 ,$55.67 ,$419.73 ,$225.09 ,$62.93 ,$388.44 ,
5/22/2020,$79.72 ,$137.53 ,$9.03 ,,$36.66 ,$54.46 ,$429.32 ,$234.91 ,$62.26 ,$369.00 ,
5/15/2020,$76.93 ,$120.00 ,$8.49 ,,$36.91 ,$53.28 ,$454.19 ,$210.88 ,$58.28 ,$360.40 ,
5/8/2020,$77.53 ,$133.44 ,$7.81 ,,$36.38 ,$54.63 ,$435.55 ,$212.35 ,$59.67 ,$378.40 ,
5/1/2020,$72.27 ,$133.37 ,$7.07 ,,$36.79 ,$46.75 ,$415.27 ,$202.27 ,$57.47 ,$383.47 ,
4/24/2020,$70.74 ,$128.98 ,$7.24 ,,$36.54 ,$48.34 ,$424.99 ,$190.07 ,$59.26 ,$381.77 ,
4/17/2020,$70.70 ,$154.00 ,$7.31 ,,$36.08 ,$50.26 ,$422.96 ,$179.24 ,$60.36 ,$401.51 ,
4/3/2020,$60.35 ,$124.52 ,$6.10 ,,$32.88 ,$32.00 ,$361.76 ,$154.18 ,$54.13 ,$350.50 ,
3/27/2020,$61.94 ,$162.00 ,$6.32 ,,$30.20 ,$34.29 ,$357.12 ,$156.79 ,$52.37 ,$348.38 ,
